{
  "display": {
    "icon": {
      "id": "minecraft:melon_slice"
    },
    "title": "Sweet and Stingy",
    "description": "Boil a melon slice, a dandelion and a bowl together"
  },
  "parent": "stews:place_cauldron",
  "criteria": {
    "get_melon_stew": {
      "trigger": "minecraft:inventory_changed",
      "conditions": {
        "items": [
          {
            "items": "minecraft:beetroot_soup",
            "components": {
              "minecraft:food": {
                "nutrition": 1,
                "saturation": 8,
                "can_always_eat": true
              }
            }
          }
        ]
      }
    }
  }
}
