{
  "display": {
    "icon": {
      "id": "minecraft:apple"
    },
    "title": "A Honey Bottle a Day Keeps The Dentist in Business",
    "description": "Throw a bowl, an apple, and a honey bottle into a cauldron full of boiling water"
  },
  "parent": "stews:place_cauldron",
  "criteria": {
    "get_apple_stew": {
      "trigger": "minecraft:inventory_changed",
      "conditions": {
        "items": [
          {
            "items": "minecraft:mushroom_stew",
            "components": {
              "minecraft:food": {
                "nutrition": 2,
                "saturation": 5,
                "can_always_eat": true
              }
            }
          }
        ]
      }
    }
  }
}
