{
  "display": {
    "icon": {
      "id": "minecraft:beetroot"
    },
    "title": "Rapid Regen",
    "description": "Put six beetroot and a bowl into a boiling cauldron"
  },
  "parent": "stews:place_cauldron",
  "criteria": {
    "get_soup": {
      "trigger": "minecraft:inventory_changed",
      "conditions": {
        "items": [
          {
            "items": "minecraft:beetroot_soup",
            "components": {
              "minecraft:food": {
                "nutrition": 1,
                "saturation": 2,
                "can_always_eat": true
              }
            }
          }
        ]
      }
    }
  }
}
