{
  "display": {
    "icon": {
      "id": "minecraft:cooked_porkchop"
    },
    "title": "Health Boost",
    "description": "Get cooked pork, a carrot, an apple, wheat and a bowl, and cook them in a cauldron"
  },
  "parent": "stews:obtain_carrot",
  "criteria": {
    "get_stew": {
      "trigger": "minecraft:inventory_changed",
      "conditions": {
        "items": [
          {
            "items": "minecraft:rabbit_stew",
            "components": {
              "minecraft:food": {
                "nutrition": 1,
                "saturation": 7,
                "can_always_eat": true
              }
            }
          }
        ]
      }
    }
  }
}
