{
  "display": {
    "icon": {
      "id": "minecraft:cooked_beef"
    },
    "title": {
      "translate": "Beefy"
    },
    "description": {
      "translate": "Mix steak, an egg, glowberries and wheat, and a bowl, in a boiling cauldron"
    }
  },
  "parent": "stews:mushroom_stew",
  "criteria": {
    "get_soup": {
      "trigger": "minecraft:inventory_changed",
      "conditions": {
        "items": [
          {
            "items": "minecraft:rabbit_stew",
            "components": {
              "minecraft:food": {
                "nutrition": 1,
                "saturation": 12,
                "can_always_eat": true
              }
            }
          }
        ]
      }
    }
  }
}
