{
  "display": {
    "icon": {
      "id": "minecraft:potion",
      "components": {
        "minecraft:potion_contents": {
          "custom_color": 10188866
        }
      }
    },
    "title": {
      "translate": "Quality Hot Chocolate"
    },
    "description": {
      "translate": "Boil together cocoa beans, sugar, a milk bucket, and a glass bottle."
    }
  },
  "parent": "stews:place_cauldron",
  "criteria": {
    "get_hot_choc": {
      "trigger": "minecraft:inventory_changed",
      "conditions": {
        "items": [
          {
            "items": "minecraft:potion",
            "components": {
              "minecraft:potion_contents": {
                "custom_color": 10188866,
                "custom_effects": [
                  {
                    "id": "minecraft:instant_health",
                    "duration": 1,
                    "show_particles": false,
                    "show_icon": false
                  }
                ]
              }
            }
          }
        ]
      }
    }
  }
}
