{
  "display": {
    "icon": {
      "id": "minecraft:mushroom_stew"
    },
    "title": {
      "translate": "Super Mushroom"
    },
    "description": {
      "translate": "Throw a bowl into a cauldron full of boiling water, and add one of both types of mushrooms"
    }
  },
  "parent": "stews:place_cauldron",
  "criteria": {
    "get_mushroom_stew": {
      "trigger": "minecraft:inventory_changed",
      "conditions": {
        "items": [
          {
            "items": "minecraft:mushroom_stew",
            "components": {
              "minecraft:food": {
                "nutrition": 1,
                "saturation": 1,
                "can_always_eat": true
              }
            }
          }
        ]
      }
    }
  }
}
