{
  "display": {
    "icon": {
      "id": "minecraft:carrot"
    },
    "title": {
      "translate": "Someone's Nose"
    },
    "description": {
      "translate": "Break a bush for a chance to find a carrot"
    }
  },
  "parent": "stews:place_cauldron",
  "criteria": {
    "get_carrot": {
      "trigger": "minecraft:inventory_changed",
      "conditions": {
        "items": [
          {
            "items": "minecraft:carrot"
          }
        ]
      }
    }
  }
}
