{
  "display": {
    "icon": {
      "id": "minecraft:salmon"
    },
    "title": {
      "translate": "Exotic Dish"
    },
    "description": {
      "translate": "Mix cooked cod, cooked salmon, dried kelp, sweet berries and a bowl in a boiling cauldron"
    }
  },
  "parent": "stews:nether_stew",
  "criteria": {
    "get_seafood": {
      "trigger": "minecraft:inventory_changed",
      "conditions": {
        "items": [
          {
            "items": "minecraft:rabbit_stew",
            "components": {
              "minecraft:food": {
                "nutrition": 1,
                "saturation": 6,
                "can_always_eat": true
              }
            }
          }
        ]
      }
    }
  }
}
